,priority,rank,life time
priority,1.0,-0.05120472467418259,0.421969899778292
rank,-0.05120472467418259,1.0,-0.16561594382883477
life time,0.421969899778292,-0.16561594382883477,1.0
