,priority,rank,life time
priority,1.0,0.5482540591924283,-0.11742415863054549
rank,0.5482540591924283,1.0,0.10981212212707371
life time,-0.11742415863054549,0.10981212212707371,1.0
