,priority,rank,life time
priority,1.0,0.7292055782198252,0.2567758510502848
rank,0.7292055782198252,1.0,0.08081731292719903
life time,0.2567758510502848,0.08081731292719903,1.0
