,priority,rank,life time
priority,1.0,0.9936215970496881,-0.7308807418894229
rank,0.9936215970496881,1.0,-0.7287902621277011
life time,-0.7308807418894229,-0.7287902621277011,1.0
