,priority,rank,life time
priority,1.0,0.9260881250567313,0.004858014648339109
rank,0.9260881250567313,1.0,0.12593166709933537
life time,0.004858014648339109,0.12593166709933537,1.0
