,priority,rank,life time
priority,1.0,0.6086612313546358,-0.14629536218843092
rank,0.6086612313546358,1.0,-0.045281389914143294
life time,-0.14629536218843092,-0.045281389914143294,1.0
