,priority,rank,life time
priority,1.0,0.7465252010842478,-0.4576020896748189
rank,0.7465252010842478,1.0,-0.3598291852291986
life time,-0.4576020896748189,-0.3598291852291986,1.0
