,priority,rank,life time
priority,1.0,0.2544406718909507,-0.233494570839855
rank,0.2544406718909507,1.0,0.30156605424048044
life time,-0.233494570839855,0.30156605424048044,1.0
