,priority,rank,life time
priority,1.0,0.6498466488721957,0.2208902300857781
rank,0.6498466488721957,1.0,0.3789289712260254
life time,0.2208902300857781,0.3789289712260254,1.0
