,priority,rank,life time
priority,1.0,0.8524501197769804,0.13157072002068246
rank,0.8524501197769804,1.0,0.09653343444040795
life time,0.13157072002068246,0.09653343444040795,1.0
